firstName,lastName,age
Colt,Pope,30
Pascale,Mathews,15
Jana,Parrish,65
Charissa,Gilmore,81
Jamal,Sanchez,86
Francis,Rowe,41
Daniel,Love,71
Kuame,Mcgowan,56
Kirestin,Harris,51
Joan,Flynn,35
Preston,Fields
Edan,Hatfield,92
Hoyt,Dyer,31
Hunter,Maxwell,29
Ryan,Lester,57
Carl,Welch,6
Channing,Schmidt,81
Fletcher,Haley,70
Mollie,Kent,99
Simone,Wooten,53
Amos,Weiss,7
Lila,Sanchez,11
Dora,Patrick,36
Jael,Gentry,33
Coby,Clements,21
Lacota,Estrada,98
Cole,Barlow,31
Zenia,Gates,29
Caryn,Burks,35
Cain,Vasquez,50
Dalton,Hunter,8
Fritz,Mckinney,82
Felicia,Turner,95
Chaim,Meyers,27
Dalton,Nguyen,Fish
Hop,Hill,32
Ciara,Oliver,49
Garrison,Berry,29
TaShya,O'donnell,4
Finn,Rodriquez,16
Larissa,Holcomb,25
Amela,Donaldson,3
Rose,Livingston,40
Wayne,Caldwell,45
Jaquelyn,Bryant,77
Hall,Pittman,79
Lesley,Pruitt,97
Sage,Vasquez,80
Germane,Beach,68
Basia,Webster,77
Damian,Alexander,60
Herrod,Maxwell,88
Hayfa,Holman,16
Macon,Wooten,14
TaShya,Collier,90
Faith,Haney,54
Malachi,Fry,73
Shaeleigh,Alvarez,22
Andrew,Perry,71
Molly,Bartlett,78
Quin,Bridges,90
Cheyenne,Rush,57
Graiden,Joyce,21
Candice,Golden,76
Naomi,Torres,90
Wynne,Gonzalez,96
Honorato,Ellis,34
Asher,Tate,26
Abbot,Goodman,37
Cally,Pena,6
Madonna,Arnold,83
Daniel,Villarreal,90
Connor,Davidson,60
Elijah,Hull,12
Yvette,Chang,14
Regina,Serrano,30
Quon,Nelson,84
Galena,Ayala,53
Gretchen,Hester,6
Reese,Sanchez,9
Silas,O'brien,68
Maile,Kaufman,48
Alden,Ortega,71
Xanthus,Deleon,76
Lars,Mcdowell,74
Coby,Bartlett,71
Reese,Garrett,2
Moses,Wall,26
Amery,Kim,39
Ross,Rodgers,40
George,Peters,17
Eleanor,Singleton,51
Abdul,Gibson,74
Warren,Calderon,48
Jasmine,Holder,27
Shoshana,Parsons,67
Quon,Pickett,70
Keane,Solomon,40
Lucy,Faulkner,49
Kristen,Avery,90
Nehru,Mooney,19
Emerald,Hayes,16
Felicia,Butler,99
Dalton,Wolfe,22
Rhiannon,Watson,81
Miranda,Douglas,56
Simon,Black,29
Montana,Valdez,5
Flavia,Logan,17
Olivia,Baird,22
Miriam,Mccall,58
Ciara,Ware,61
Yuri,Martin,26
Nora,Vasquez,53
Keaton,Park,57
Rahim,Haynes,71
Madeline,Chandler,32
Wing,Jensen,19
Winifred,Dillard,85
Duncan,Raymond,27
Leigh,Willis,94
Teegan,Moon,99
Uma,Irwin,88
Arden,Hamilton,31
Rachel,Cabrera,83
Shelley,Nichols,29
Eric,Ingram,46
Rae,Booker,20
Asher,Yates,36
Amelia,Schroeder,36
Brenna,Waters,23
Tad,Saunders,93
Cally,Spears,7
Aristotle,Hart,75
Daphne,Ewing,90
Lillian,Buck,9
Sonya,Barber,12
Charles,Whitney,44
Serina,Foreman,59
Lyle,Holcomb,21
Caryn,Turner,61
Dawn,Kramer,92
Olga,Schneider,64
Barbara,Shannon,13
Haviva,Steele,45
Brock,Kidd,81
Igor,Acevedo,19
Rina,Mayo,99
Nayda,Hernandez,79
Jelani,Rivas,95
Skyler,Aguilar,71
Mari,Burnett,29
Hollee,Compton,27
Kerry,Patterson,88
Stacey,Dudley,22
Mikayla,Goff,46
Daniel,Benson,93
Karyn,Gilmore,97
Driscoll,Randall,40
Lester,Dorsey,68
Timothy,Greer,16
Zoe,Ryan,88
Nolan,Buckley,25
Gwendolyn,Austin,100
Amery,Joyce,88
Dai,Nolan,53
Libby,Weaver,22
Byron,Holder,42
Brendan,Powers,2
Igor,York,34
Brandon,Sargent,94
Lucas,Hardy,98
Dillon,Cantrell,10
Carolyn,Gibson,57
Adrienne,Curry,93
Xenos,Baird,36
Angela,Mcmahon,83
Christen,Austin,12
Paula,Woodard,42
Kylan,Ball,22
Katell,Wiley,59
Nevada,Page,93
Cruz,Buckley,84
Justine,Torres,99
Candace,Hartman,7
Summer,Walton,60
Dominic,Bradford,43
Martena,Stevenson,79
Amela,Harrell,39
Erin,Fulton,3
Ferris,Nelson,11
Adele,Compton,29
Aretha,Hays,60
Angela,Huber,52
Tate,Caldwell,84
Bruno,Griffin,86
Byron,Lamb,12
Kyra,Maddox,30
Cherokee,Jimenez,75
Jaime,Blackwell,83
Jessamine,Hampton,38
Lael,Vinson,61
Maia,Navarro,42
Ezekiel,Vang,92
Leigh,Avila,76
Olga,Nicholson,58
Beau,Daniel,38
Quon,Guzman,30
Laurel,Carson,11
Donna,Walter,34
Emery,Raymond,17
Lee,Gomez,13
Dylan,Hendricks,11
Calvin,Campbell,82
Kelly,Vance,21
Jamal,Alford,96
Lester,Strickland,73
Aladdin,Phelps,24
Ulla,Vega,47
Zachary,Garrett,9
Gage,Greene,44
Cruz,Christensen,2
Aiko,Singleton,33
Malcolm,Church,6
Fitzgerald,Gallegos,23
Omar,Hopper,16
Donovan,Kane,10
Phelan,Ingram,45
Julie,Farrell,24
Gannon,Myers,47
Kalia,Moon,79
Isaac,Alston,46
Fuller,Crosby,6
Noelle,Bennett,52
Lillian,Berger,45
Jane,Aguilar,47
Jacob,Farrell,16
Kyra,Gates,90
Julian,Porter,86
Luke,Mayer,73
Cameron,Luna,36
Freya,Hayes,66
Marshall,Aguirre,100
Sawyer,Matthews,16
Logan,Holman,40
Ross,Franco,2
Allen,Moran,63
Brenden,Wilson,28
Constance,Yates,43
Tad,Howard,63
Grace,Gonzalez,15
Guy,Berry,4
Amela,Clarke,80
Sophia,Tyler,16
Clio,Dawson,19
Driscoll,Carey,41
Britanni,Romero,78
Benjamin,Galloway,97
Liberty,Franklin,85
Olga,Duffy,56
Wynter,Morris,97
Castor,Dalton,5
Hamish,Hughes,80
Linda,Miles,69
Aladdin,Ramirez,88
Debra,Gill,26
Quinlan,Brennan,97
Lance,Wynn,57
Timothy,Foley,59
Curran,Long,88
Cedric,Garcia,64
Kamal,Curtis,27
Kaseem,Finch,13
Elton,Gentry,94
Quamar,Cook,30
Camilla,Gallagher,5
Shay,Holman,59
Asher,Stein,22
Scott,Hodges,41
Martina,Nolan,4
Nyssa,Johns,18
Cara,Walsh,92
Adrienne,Peters,26
Rashad,Cooper,12
Chava,Franco,53
Bernard,Holland,68
Zane,Jimenez,45
Madison,Harris,19
Cade,Barber,80
Xaviera,Stanton,58
Tyler,Serrano,91
Tucker,Schwartz,52
Sylvester,Foster,61
Beatrice,Terrell,96
Aphrodite,Hooper,64
Tashya,Nieves,86
Dai,Wells,27
Charissa,Colon,72
Jade,Stewart,23
Chloe,Baldwin,95
Steel,Moore,91
Emery,Freeman,22
Abra,Chaney,42
Graiden,Tyler,17
Ava,Robles,85
Kirsten,Mclaughlin,36
Lewis,Hatfield,64
Sacha,Hancock,25
Gwendolyn,Stafford,81
Lilah,Chandler,64
Kyle,Chaney,78
Renee,Velez,60
Florence,Cantu,44
Isaiah,Reeves,40
Gay,Zimmerman,92
Audrey,Hale,51
Neville,Ferrell,87
Quail,Lindsey,46
Stephen,Bullock,90
Cairo,Brock,62
Beverly,Hogan,8
Shelly,Little,81
Alisa,Camacho,77
Sean,Stark,68
Rigel,Boyer,71
Oprah,Andrews,34
Nissim,Strickland,18
Clarke,Sellers,74
Chiquita,Little,8
Dawn,Huber,42
Madeson,Contreras,40
Kevin,Henson,4
Hiroko,Copeland,72
Raya,Moon,90
Emerson,Barry,81
Ignatius,Booker,73
Herman,Calhoun,8
Allistair,Poole,57
Kimberly,Boyle,53
Bethany,Rodgers,72
Cooper,Booth,50
Rudyard,Sosa,28
Shellie,Sanders,99
Alexis,Hudson,39
Helen,English,63
Skyler,Powers,27
Brendan,Hall,16
Michelle,Ratliff,54
Hunter,Mitchell,58
Garrison,Compton,70
Desirae,Rosa,2
Judah,Reynolds,81
Joan,Wolf,34
Maggy,Cunningham,45
Jaime,Chambers,62
Clarke,Mcmillan,93
Holly,Gibbs,38
Ethan,Bridges,93
Seth,Blevins,85
Arsenio,Noble,49
Gisela,Mathews,15
Xanthus,Lynch,99
Florence,Young,20
Carter,Osborne,50
Martina,Byers,44
Maia,Odom,47
Carson,Anthony,46
Gloria,Ewing,3
Aretha,Colon,74
Garrett,Baldwin,63
Jackson,Raymond,74
Jillian,Bernard,3
Aurelia,Odom,62
Fletcher,Frederick,69
Gray,Fields,65
Nichole,Petty,63
Signe,Levine,90
Ora,Taylor,12
Alisa,Winters,37
Hanna,Talley,45
Phelan,Luna,55
Dominique,Norton,16
Rinah,Reyes,3
Luke,Albert,6
Hakeem,Maddox,31
Jelani,Flores,99
Rudyard,Buckley,40
Clarke,Todd,90
Amir,Joyner,68
Hope,West,33
Linda,Summers,72
Ulla,Tate,70
Sonia,Potts,13
Randall,Meadows,22
Cynthia,Mclean,90
Cassidy,Washington,11
Ishmael,Nguyen,56
Uriel,Bailey,71
Gabriel,Gonzalez,73
Preston,O'brien,38
Justina,Hudson,90
Alexandra,Grant,6
Dieter,Rowe,80
Roth,Randall,53
Daphne,Graves,35
Jonah,May,88
Nehru,Ruiz,59
Hayes,Rich,66
Caldwell,Griffith,91
Bruno,Hill,38
Stuart,Henry,57
Vera,Shields,77
Finn,Soto,44
Sandra,Emerson,38
Olga,Alexander,14
Nelle,Page,91
Brenda,Gomez,6
Meghan,Carroll,4
Oleg,Austin,8
Serina,Hatfield,3
Xandra,Martinez,72
Slade,Shannon,46
Zelenia,Walls,90
Mikayla,Dejesus,93
Yuli,Ratliff,79
Devin,Wynn,44
Janna,Montoya,85
Lacy,Wade,95
Rigel,Jefferson,21
Blake,Ferrell,82
Keefe,Howe,75
Hamilton,Justice,99
Ainsley,York,77
Robin,Weiss,83
Lesley,Stanton,11
Clark,Freeman,51
Faith,Rodriguez,22
Cheryl,Gillespie,78
Florence,Bridges,63
Palmer,Hoffman,53
Destiny,Robles,65
Lunea,Wiley,32
Rachel,Ross,71
Zeus,Copeland,5
Dylan,Wiggins,43
Bertha,Nunez,14
Shannon,Riley,12
Vernon,Pace,68
Marcia,Sims,31
Kevin,Huber,94
Bernard,Wilcox,72
Lana,Knowles,78
Lysandra,Peterson,12
Slade,Alston,64
Julie,May,78
Calvin,Waters,88
Nayda,Atkinson,21
Callum,Dudley,22
Linus,Gallegos,90
Marvin,Robles,31
Steel,Ross,82
Daphne,Hicks,97
Orlando,Pickett,38
Ferris,Stephens,69
George,Terry,18
Amity,Thompson,76
Beau,Rosario,50
Odessa,Williamson,41
Galvin,Lopez,45
Petra,Shannon,15
Haviva,Santiago,69
Asher,Rowe,72
Pandora,Whitney,56
India,Dale,60
Petra,Dickson,56
Malik,Barton,64
Luke,Underwood,14
Jerome,Cooley,34
Travis,Phelps,50
Macey,Kane,66
Isabelle,Blevins,18
Ivor,Ramirez,12
Lavinia,Wheeler,26
Priscilla,Moreno,98
Xander,Holder,100
Aline,Kennedy,47
Martena,Gonzalez,89
Owen,Livingston,16
Allegra,Small,49
Melyssa,Mann,34
Quamar,English,54
Blaze,Donovan,83
Hop,Huffman,60
Lewis,Nolan,42
Dieter,Padilla,25
Amela,Spears,42
Ila,Cleveland,6
Rudyard,George,37
Jasmine,Ball,59
Octavius,Figueroa,84
